"UNSEIWRITEDATE","UNSEIWRITER","RENEWALDATE","RENEWALWRITER","GAKUMON","AKINAI","NEGAIGOTO","UNSEICODE","OMIKUJICODE"
"20220405","ヒヨ","20220405","ヒヨ","良し","繁盛","叶う","1","1"
"20220405","ヒヨ","20220405","ヒヨ","普通","損なし","努力が必要","2","2"
"20220405","ヒヨ","20220405","ヒヨ","悪し","損あり","叶わない","3","3"
"20220405","ヒヨ","20220405","ヒヨ","良し","繁盛","叶う","4","4"
"20220405","ヒヨ","20220405","ヒヨ","普通","損なし","努力が必要","5","5"
"20220405","ヒヨ","20220405","ヒヨ","悪し","損あり","叶わない","6","6"
"20220405","ヒヨ","20220405","ヒヨ","良し","繁盛","叶う","1","7"
"20220405","ヒヨ","20220405","ヒヨ","普通","損なし","努力が必要","2","8"
"20220405","ヒヨ","20220405","ヒヨ","悪し","損あり","叶わない","3","9"
"20220405","ヒヨ","20220405","ヒヨ","良し","繁盛","叶う","4","10"
"20220405","ヒヨ","20220405","ヒヨ","普通","損なし","努力が必要","5","11"
"20220405","ヒヨ","20220405","ヒヨ","悪し","損あり","叶わない","6","12"
"20220405","ヒヨ","20220405","ヒヨ","良し","繁盛","叶う","1","13"
"20220405","ヒヨ","20220405","ヒヨ","普通","損なし","努力が必要","2","14"
"20220405","ヒヨ","20220405","ヒヨ","悪し","損あり","叶わない","3","15"
"20220405","ヒヨ","20220405","ヒヨ","良し","繁盛","叶う","4","16"
"20220405","ヒヨ","20220405","ヒヨ","普通","損なし","努力が必要","5","17"
"20220405","ヒヨ","20220405","ヒヨ","悪し","損あり","叶わない","6","18"
"20220405","ヒヨ","20220405","ヒヨ","良し","繁盛","叶う","1","19"
"20220405","ヒヨ","20220405","ヒヨ","普通","損なし","努力が必要","2","20"
"20220405","ヒヨ","20220405","ヒヨ","悪し","損あり","叶わない","3","21"
"20220405","ヒヨ","20220405","ヒヨ","良し","繁盛","叶う","4","22"
"20220405","ヒヨ","20220405","ヒヨ","普通","損なし","努力が必要","5","23"
"20220405","ヒヨ","20220405","ヒヨ","悪し","損あり","叶わない","6","24"
"20220405","ヒヨ","20220405","ヒヨ","良し","繁盛","叶う","1","25"
"20220405","ヒヨ","20220405","ヒヨ","普通","損なし","努力が必要","2","26"
"20220405","ヒヨ","20220405","ヒヨ","悪し","損あり","叶わない","3","27"
"20220405","ヒヨ","20220405","ヒヨ","良し","繁盛","叶う","4","28"
"20220405","ヒヨ","20220405","ヒヨ","普通","損なし","努力が必要","5","29"
"20220405","ヒヨ","20220405","ヒヨ","悪し","損あり","叶わない","6","30"
"20220405","ヒヨ","20220405","ヒヨ","良し","繁盛","叶う","1","31"
"20220405","ヒヨ","20220405","ヒヨ","普通","損なし","努力が必要","2","32"
"20220405","ヒヨ","20220405","ヒヨ","悪し","損あり","叶わない","3","33"
"20220405","ヒヨ","20220405","ヒヨ","良し","繁盛","叶う","4","34"
"20220405","ヒヨ","20220405","ヒヨ","普通","損なし","努力が必要","5","35"
"20220405","ヒヨ","20220405","ヒヨ","悪し","損あり","叶わない","6","36"
"20220405","ヒヨ","20220405","ヒヨ","良し","繁盛","叶う","1","37"
"20220405","ヒヨ","20220405","ヒヨ","普通","損なし","努力が必要","2","38"
"20220405","ヒヨ","20220405","ヒヨ","悪し","損あり","叶わない","3","39"
"20220405","ヒヨ","20220405","ヒヨ","良し","繁盛","叶う","4","40"
"20220405","ヒヨ","20220405","ヒヨ","普通","損なし","努力が必要","5","41"
"20220405","ヒヨ","20220405","ヒヨ","悪し","損あり","叶わない","6","42"
"20220405","ヒヨ","20220405","ヒヨ","良し","繁盛","叶う","1","43"
"20220405","ヒヨ","20220405","ヒヨ","普通","損なし","努力が必要","2","44"
"20220405","ヒヨ","20220405","ヒヨ","悪し","損あり","叶わない","3","45"
"20220405","ヒヨ","20220405","ヒヨ","良し","繁盛","叶う","4","46"
"20220405","ヒヨ","20220405","ヒヨ","普通","損なし","努力が必要","5","47"
"20220405","ヒヨ","20220405","ヒヨ","悪し","損あり","叶わない","6","48"
"20220405","ヒヨ","20220405","ヒヨ","良し","繁盛","叶う","1","49"
"20220405","ヒヨ","20220405","ヒヨ","普通","損なし","努力が必要","2","50"
